<ImportExportXml xmlns:xsi="http://www.w3.org/2001/XMLSchema-instance">
  <Entities></Entities>
  <Roles></Roles>
  <Workflows></Workflows>
  <FieldSecurityProfiles></FieldSecurityProfiles>
  <Templates />
  <EntityMaps />
  <EntityRelationships />
  <OrganizationSettings />
  <optionsets />
  <CustomControls />
  <EntityDataProviders />
  <CanvasApps>
    <CanvasApp>
      <Name>ayw_canvasappdevelopmentworkshop_1d6fa</Name>
      <AppVersion>2023-05-03T13:29:55Z</AppVersion>
      <Status>Ready</Status>
      <CreatedByClientVersion>3.23043.16.0</CreatedByClientVersion>
      <MinClientVersion>3.23043.16.0</MinClientVersion>
      <Tags>{"primaryDeviceWidth":"1366","primaryDeviceHeight":"768","sienaVersion":"20230406T172533Z-3.23033.15.0","deviceCapabilities":"","supportsPortrait":"true","supportsLandscape":"true","primaryFormFactor":"Tablet","publisherVersion":"3.23043.16","minimumRequiredApiVersion":"2.2.0","hasComponent":"false","hasUnlockedComponent":"false","isUnifiedRootApp":"false","optimizedForTeamsMeeting":"false"}</Tags>
      <IsCdsUpgraded>0</IsCdsUpgraded>
      <GalleryItemId xsi:nil="true"></GalleryItemId>
      <BackgroundColor>RGBA(0,176,240,1)</BackgroundColor>
      <DisplayName>Canvas App Development Workshop</DisplayName>
      <Description xsi:nil="true"></Description>
      <CommitMessage xsi:nil="true"></CommitMessage>
      <Publisher xsi:nil="true"></Publisher>
      <AuthorizationReferences>[]</AuthorizationReferences>
      <ConnectionReferences>{"6e912558-8c63-474b-a242-cc57cf725098":{"id":"/providers/microsoft.powerapps/apis/shared_logicflows","displayName":"Logic flows","iconUri":"https://connectoricons-prod.azureedge.net/releases/v1.0.1615/1.0.1615.3163/logicflows/icon.png","dataSources":["RespondWithErrorCode"],"dependencies":[],"dependents":[],"parameterHints":{"workflowName":{"value":"82ad2c09-c600-479d-a0ad-7c0c7efbff99"},"workflowEntityId":{"value":"f6977319-542c-ec11-b6e5-000d3a1c4e5e"}},"parameterHintsV2":{"workflowName":{"value":"82ad2c09-c600-479d-a0ad-7c0c7efbff99"},"workflowEntityId":{"value":"f6977319-542c-ec11-b6e5-000d3a1c4e5e"}},"isOnPremiseConnection":false,"bypassConsent":false,"dataSets":{},"apiTier":"Standard","actions":["Run"]}}</ConnectionReferences>
      <DatabaseReferences>{"default.cds":{"databaseDetails":{"referenceType":"Environmental","environmentName":"default.cds","overrideValues":{"status":"NotSpecified"}},"dataSources":{"Accounts":{"entitySetName":"accounts","logicalName":"account"}}}}</DatabaseReferences>
      <AppComponents>[]</AppComponents>
      <AppComponentDependencies>[]</AppComponentDependencies>
      <CanConsumeAppPass>1</CanConsumeAppPass>
      <CanvasAppType>0</CanvasAppType>
      <BypassConsent>0</BypassConsent>
      <AdminControlBypassConsent>0</AdminControlBypassConsent>
      <EmbeddedApp xsi:nil="true"></EmbeddedApp>
      <IntroducedVersion>1.0</IntroducedVersion>
      <CdsDependencies>{"cdsdependencies":[{"dependencyid":"f6977319-542c-ec11-b6e5-000d3a1c4e5e","componenttype":29,"componenttypeplatformname":"Workflow"},{"logicalname":"account","componenttype":1}]}</CdsDependencies>
      <IsCustomizable>1</IsCustomizable>
      <BackgroundImageUri>/CanvasApps/ayw_canvasappdevelopmentworkshop_1d6fa_BackgroundImageUri</BackgroundImageUri>
      <DocumentUri>/CanvasApps/ayw_canvasappdevelopmentworkshop_1d6fa_DocumentUri.msapp</DocumentUri>
    </CanvasApp>
    <CanvasApp>
      <Name>ali_testharness_edb10</Name>
      <AppVersion>2023-05-03T13:32:26Z</AppVersion>
      <Status>Ready</Status>
      <CreatedByClientVersion>3.23043.16.0</CreatedByClientVersion>
      <MinClientVersion>3.23043.16.0</MinClientVersion>
      <Tags>{"primaryDeviceWidth":"1366","primaryDeviceHeight":"768","sienaVersion":"20220908T203325Z-3.22084.17.0","deviceCapabilities":"","supportsPortrait":"true","supportsLandscape":"true","primaryFormFactor":"Tablet","publisherVersion":"3.23043.16","minimumRequiredApiVersion":"2.2.0","hasComponent":"false","hasUnlockedComponent":"false","isUnifiedRootApp":"false"}</Tags>
      <IsCdsUpgraded>0</IsCdsUpgraded>
      <GalleryItemId xsi:nil="true"></GalleryItemId>
      <BackgroundColor>rgba(0, 176, 240, 1)</BackgroundColor>
      <DisplayName>Test Harness v2</DisplayName>
      <Description xsi:nil="true"></Description>
      <CommitMessage xsi:nil="true"></CommitMessage>
      <Publisher xsi:nil="true"></Publisher>
      <AuthorizationReferences>[]</AuthorizationReferences>
      <ConnectionReferences>{"31cacc59-9a5a-40a9-95c5-ded479e1e997":{"id":"/providers/microsoft.powerapps/apis/shared_logicflows","displayName":"Logic flows","iconUri":"https://connectoricons-prod.azureedge.net/releases/v1.0.1615/1.0.1615.3163/logicflows/icon.png","dataSources":["RespondWithErrorCode","RespondWithErrorCode_1","RespondWithErrorCode_2","RespondWithErrorCode_3","RespondWithErrorCode_4","RespondWithErrorCode_5"],"dependencies":[],"dependents":[],"parameterHints":{"workflowName":{"value":"bf30dfff-4ebf-4327-bba8-6964209e8c32"},"workflowEntityId":{"value":"f6977319-542c-ec11-b6e5-000d3a1c4e5e"}},"parameterHintsV2":{"workflowName":{"value":"bf30dfff-4ebf-4327-bba8-6964209e8c32"},"workflowEntityId":{"value":"f6977319-542c-ec11-b6e5-000d3a1c4e5e"}},"isOnPremiseConnection":false,"bypassConsent":false,"dataSets":{},"apiTier":"Standard","actions":["Run"]},"d9008673-f043-407d-a41f-52b18aa1230f":{"id":"/providers/microsoft.powerapps/apis/shared_sql","xrmConnectionReferenceLogicalName":"new_sharedsql_2d2e6","displayName":"SQL Server","iconUri":"https://connectoricons-prod.azureedge.net/releases/v1.0.1629/1.0.1629.3253/sql/icon.png","dataSources":["Employees"],"dependencies":[],"dependents":[],"parameterHints":{},"parameterHintsV2":{},"gatewayObjectIdHint":"b3deb2b3-23fa-45a7-9483-adb6dc874c42","isOnPremiseConnection":true,"sharedConnectionId":"2acf064f-4003-4419-b54e-e6f1c624809f","bypassConsent":false,"dataSets":{"localhost%5csqlexpress,Employees":{"dataSources":{"Employees":{"tableName":"[dbo].[Employees]"}}}},"apiTier":"Premium","actions":["providers/PowerPlatform.Governance/Operations/Read"],"endpoints":["localhost%5csqlexpress,Employees"],"authenticationType":"windowsAuthentication"}}</ConnectionReferences>
      <DatabaseReferences>{"default.cds":{"databaseDetails":{"referenceType":"Environmental","environmentName":"default.cds","overrideValues":{"status":"NotSpecified"}},"dataSources":{"Test Harnesses":{"entitySetName":"pfe_testharnesses","logicalName":"pfe_testharness"},"Accounts":{"entitySetName":"accounts","logicalName":"account"},"Opportunities":{"entitySetName":"opportunities","logicalName":"opportunity"},"Contacts":{"entitySetName":"contacts","logicalName":"contact"},"Organizations":{"entitySetName":"organizations","logicalName":"organization"}}}}</DatabaseReferences>
      <AppComponents>[]</AppComponents>
      <AppComponentDependencies>[]</AppComponentDependencies>
      <CanConsumeAppPass>1</CanConsumeAppPass>
      <CanvasAppType>0</CanvasAppType>
      <BypassConsent>0</BypassConsent>
      <AdminControlBypassConsent>0</AdminControlBypassConsent>
      <EmbeddedApp xsi:nil="true"></EmbeddedApp>
      <IntroducedVersion>1.0</IntroducedVersion>
      <CdsDependencies>{"cdsdependencies":[{"dependencyid":"f6977319-542c-ec11-b6e5-000d3a1c4e5e","componenttype":29,"componenttypeplatformname":"Workflow"},{"logicalname":"pfe_testharness","componenttype":1},{"logicalname":"account","componenttype":1},{"logicalname":"opportunity","componenttype":1},{"logicalname":"contact","componenttype":1},{"logicalname":"organization","componenttype":1},{"logicalname":"new_sharedsql_2d2e6","componenttype":10501,"componenttypeplatformname":"ConnectionReference"}]}</CdsDependencies>
      <IsCustomizable>1</IsCustomizable>
      <BackgroundImageUri>/CanvasApps/ali_testharness_edb10_BackgroundImageUri</BackgroundImageUri>
      <DocumentUri>/CanvasApps/ali_testharness_edb10_DocumentUri.msapp</DocumentUri>
    </CanvasApp>
  </CanvasApps>
  <Languages>
    <Language>1033</Language>
    <Language>1025</Language>
    <Language>1069</Language>
    <Language>1026</Language>
    <Language>1027</Language>
    <Language>3076</Language>
  </Languages>
</ImportExportXml>