<ImportExportXml version="9.2.23034.228" SolutionPackageVersion="9.2" languagecode="1033" generatedBy="CrmLive" xmlns:xsi="http://www.w3.org/2001/XMLSchema-instance">
  <SolutionManifest>
    <UniqueName>CanvasAppDevelopmentWorkshop</UniqueName>
    <LocalizedNames>
      <LocalizedName description="Canvas App Development Workshop" languagecode="1033" />
    </LocalizedNames>
    <Descriptions />
    <Version>1.0.0.2</Version>
    <Managed>1</Managed>
    <Publisher>
      <UniqueName>aliyoussefi</UniqueName>
      <LocalizedNames>
        <LocalizedName description="aliyoussefi" languagecode="1033" />
      </LocalizedNames>
      <Descriptions>
        <Description description="aliyoussefi" languagecode="1033" />
      </Descriptions>
      <EMailAddress xsi:nil="true"></EMailAddress>
      <SupportingWebsiteUrl>https://www.linkedin.com/in/aliyoussefi</SupportingWebsiteUrl>
      <CustomizationPrefix>ali</CustomizationPrefix>
      <CustomizationOptionValuePrefix>45574</CustomizationOptionValuePrefix>
      <Addresses>
        <Address>
          <AddressNumber>1</AddressNumber>
          <AddressTypeCode>1</AddressTypeCode>
          <City xsi:nil="true"></City>
          <County xsi:nil="true"></County>
          <Country xsi:nil="true"></Country>
          <Fax xsi:nil="true"></Fax>
          <FreightTermsCode xsi:nil="true"></FreightTermsCode>
          <ImportSequenceNumber xsi:nil="true"></ImportSequenceNumber>
          <Latitude xsi:nil="true"></Latitude>
          <Line1 xsi:nil="true"></Line1>
          <Line2 xsi:nil="true"></Line2>
          <Line3 xsi:nil="true"></Line3>
          <Longitude xsi:nil="true"></Longitude>
          <Name xsi:nil="true"></Name>
          <PostalCode xsi:nil="true"></PostalCode>
          <PostOfficeBox xsi:nil="true"></PostOfficeBox>
          <PrimaryContactName xsi:nil="true"></PrimaryContactName>
          <ShippingMethodCode>1</ShippingMethodCode>
          <StateOrProvince xsi:nil="true"></StateOrProvince>
          <Telephone1 xsi:nil="true"></Telephone1>
          <Telephone2 xsi:nil="true"></Telephone2>
          <Telephone3 xsi:nil="true"></Telephone3>
          <TimeZoneRuleVersionNumber xsi:nil="true"></TimeZoneRuleVersionNumber>
          <UPSZone xsi:nil="true"></UPSZone>
          <UTCOffset xsi:nil="true"></UTCOffset>
          <UTCConversionTimeZoneCode xsi:nil="true"></UTCConversionTimeZoneCode>
        </Address>
        <Address>
          <AddressNumber>2</AddressNumber>
          <AddressTypeCode>1</AddressTypeCode>
          <City xsi:nil="true"></City>
          <County xsi:nil="true"></County>
          <Country xsi:nil="true"></Country>
          <Fax xsi:nil="true"></Fax>
          <FreightTermsCode xsi:nil="true"></FreightTermsCode>
          <ImportSequenceNumber xsi:nil="true"></ImportSequenceNumber>
          <Latitude xsi:nil="true"></Latitude>
          <Line1 xsi:nil="true"></Line1>
          <Line2 xsi:nil="true"></Line2>
          <Line3 xsi:nil="true"></Line3>
          <Longitude xsi:nil="true"></Longitude>
          <Name xsi:nil="true"></Name>
          <PostalCode xsi:nil="true"></PostalCode>
          <PostOfficeBox xsi:nil="true"></PostOfficeBox>
          <PrimaryContactName xsi:nil="true"></PrimaryContactName>
          <ShippingMethodCode>1</ShippingMethodCode>
          <StateOrProvince xsi:nil="true"></StateOrProvince>
          <Telephone1 xsi:nil="true"></Telephone1>
          <Telephone2 xsi:nil="true"></Telephone2>
          <Telephone3 xsi:nil="true"></Telephone3>
          <TimeZoneRuleVersionNumber xsi:nil="true"></TimeZoneRuleVersionNumber>
          <UPSZone xsi:nil="true"></UPSZone>
          <UTCOffset xsi:nil="true"></UTCOffset>
          <UTCConversionTimeZoneCode xsi:nil="true"></UTCConversionTimeZoneCode>
        </Address>
      </Addresses>
    </Publisher>
    <RootComponents>
      <RootComponent type="300" schemaName="ali_testharness_edb10" behavior="0" />
      <RootComponent type="300" schemaName="ayw_canvasappdevelopmentworkshop_1d6fa" behavior="0" />
    </RootComponents>
    <MissingDependencies>
      <MissingDependency>
        <Required type="1" schemaName="opportunity" displayName="Opportunity" solution="msdynce_Sales (9.0.4.0076)">
          <package>msdynce_SalesAnchor (9.0.23033.10009)</package>
        </Required>
        <Dependent type="300" schemaName="ali_testharness_edb10" displayName="Test Harness v2" />
      </MissingDependency>
      <MissingDependency>
        <Required type="1" schemaName="pfe_testharness" displayName="Test Harness" solution="SalesInsightsDemo (1.0.0.1)" />
        <Dependent type="300" schemaName="ali_testharness_edb10" displayName="Test Harness v2" />
      </MissingDependency>
      <MissingDependency>
        <Required type="29" displayName="RespondWithErrorCode" solution="Active" id="{f6977319-542c-ec11-b6e5-000d3a1c4e5e}" />
        <Dependent type="300" schemaName="ali_testharness_edb10" displayName="Test Harness v2" />
      </MissingDependency>
      <MissingDependency>
        <Required type="29" displayName="RespondWithErrorCode" solution="Active" id="{f6977319-542c-ec11-b6e5-000d3a1c4e5e}" />
        <Dependent type="300" schemaName="ayw_canvasappdevelopmentworkshop_1d6fa" displayName="Canvas App Development Workshop" />
      </MissingDependency>
      <MissingDependency>
        <Required type="connectionreference" displayName="new_sharedsql_2d2e6" solution="Active" id.connectionreferencelogicalname="new_sharedsql_2d2e6" />
        <Dependent type="300" schemaName="ali_testharness_edb10" displayName="Test Harness v2" />
      </MissingDependency>
    </MissingDependencies>
  </SolutionManifest>
</ImportExportXml>